"call_num","cluster"
"8815435",1
"15816230",1
"39815433",1
"48815435",1
"54715533",1
"55818338",2
"65816234",1
"66417538",1
"75816230",1
"78815435",1
"96316538",2
"105816230",2
"105818338",1
"125716136",1
"136319538",2
"138815336",2
"139815338",1
"146412538",1
"160815359",2
"234210632",1
"248815351",1
"259815335",1
"259815337",2
"267119234",1
"284316538",2
"318815336",2
"334016835",1
"336316538",1
"418016652",2
"454016835",1
"490812052",1
"495816231",1
"519719854",1
"555118139",2
"566410538",1
"567410538",2
"618815330",1
"620816550",1
"634815532",1
"666316538",1
"699815351",1
"745411538",1
"776316538",1
"779815332",1
"800116457",1
"808815457",1
"827819330",1
"865818333",2
"885816230",1
"920816958",1
"928815332",1
"985818334",1
"1004815531",1
"1005816230",1
"1019815338",1
"1048815435",1
"1108815436",1
"1109815432",1
"1148815338",1
"1169016652",2
"1170815356",1
"1195311538",1
"1226418538",1
"1227119230",1
"1229815334",1
"1238310558",1
"1288815352",2
"1295816330",1
"1358815336",1
"1368815356",1
"1546415538",1
"1576410538",1
"1605818338",2
"1684016831",1
"1694210632",2
"1739815338",1
"1818815438",2
"1844016832",1
"1879815436",1
"1885310538",1
"1908815336",1
"1929815336",1
"2019815338",1
"2024016835",1
"2136311538",2
"2169815331",1
"2178815431",1
"2185816238",1
"2205118134",1
"2208815430",1
"2214210632",1
"2395311538",1
"2517819331",1
"2525118133",1
"2539815337",2
"2539815432",1
"2569815332",1
"2595818338",1
"2615816333",1
"2688815336",2
"2718815331",1
"2759815336",1
"2779815430",1
"2787819330",1
"2790815357",1
"2836318538",1
"2925816333",1
"2938815435",1
"2967310538",1
"3005611838",1
"3039715456",2
"3045818331",1
"3045818334",1
"3088016652",1
"3088310538",1
"3109815334",1
"3129815338",1
"3138016651",1
"3219815337",1
"3228815436",1
"3235816237",1
"3338815336",1
"3370812053",1
"3475818335",1
"3485310538",2
"3530815350",1
"3550819251",1
"3565816234",1
"3599815354",1
"3658815453",1
"3659815333",2
"3715311538",1
"3779815339",1
"3785410538",1
"3835818331",1
"3859815350",1
"3870815359",1
"3958815330",2
"4016414538",1
"4258716455",1
"4299815339",1
"4449815331",1
"4479815332",1
"4479815434",2
"4644310538",1
"4656310538",1
"4658815337",1
"4957119232",1
"5016415538",1
"5090816959",1
"5179815438",1
"5198815353",2
"5259815439",1
"5275816330",2
"5298815453",1
"5318410538",1
"5319815334",1
"5384316538",2
"5464815531",1
"5479815432",1
"5485816230",1
"5505311538",1
"5538815331",1
"5538815437",1
"5544016831",1
"5548815433",1
"5555816239",1
"5587819330",1
"5609815337",1
"5614815530",1
"5657119231",1
"5769815333",1
"5848815432",1
"5908815358",1
"6055118133",1
"6128815432",1
"6205816236",1
"6305816333",1
"6335716138",2
"6365818332",1
"6375816231",2
"6415818337",1
"6440816957",1
"6455818339",1
"6505716138",1
"6505818332",1
"6509310538",1
"6509815337",1
"6529815433",1
"6558716455",1
"6607819334",1
"6666412538",1
"6724210630",1
"6768716457",1
"6865816235",2
"6875818336",1
"6878815438",1
"6895716136",1
"6940116457",1
"7004316538",1
"7005818336",1
"7028815451",1
"7165818336",1
"7218815331",1
"7250816552",1
"7268815339",1
"7308815455",1
"7396411538",1
"7575816232",1
"7585816238",1
"7608815339",1
"7619815333",2
"7668016651",2
"7735311538",1
"7745716138",1
"7769815330",1
"7778410538",2
"7784410538",1
"7789815332",1
"7798016653",1
"7798815332",1
"7835816236",1
"7978815439",1
"8014316538",2
"8089815355",1
"8128815330",1
"8165816330",1
"8169815438",1
"8258815434",2
"8289815331",1
"8317819330",1
"8359815354",1
"8389016651",1
"8489815336",1
"8509815351",1
"8549815337",1
"8565816332",1
"8609815338",1
"8625816232",1
"8648815436",1
"8685818338",2
"8708718435",1
"8775716137",1
"8804815530",1
"8809815331",1
"8848815336",2
"8878815437",1
"8898815437",1
"8915716135",1
"9000816953",1
"9004310538",2
"9007819333",1
"9046311538",1
"9084016831",1
"9085118133",2
"9090310558",1
"9096310538",1
"9129416558",2
"9205818333",1
"9340816553",1
"9345818330",1
"9378815435",1
"9445816333",1
"9568815353",1
"9665310538",1
"9670815351",1
"9726411538",1
"9730815350",1
"9738815438",1
"9748815456",1
"9780316558",1
"9799815439",1
"9808815451",1
"9815816232",2
"9859310538",1
"9894016833",1
"9909815332",1
"10029815351",1
"10065818339",1
"10068815437",2
"10074815531",2
"10128815438",1
"10139016652",1
"10139815353",2
"10198815430",1
"10199815338",1
"10298016651",1
"10344815531",1
"10408815451",1
"10409416558",1
"10425310538",1
"10465816235",1
"10505818336",1
"10575816334",1
"10618016652",1
"10639815355",1
"10779310538",1
"10816412538",1
"10859815438",2
"10875411538",1
"10885816231",1
"10900816550",2
"10958815430",1
"10979310538",1
"11009815337",1
"11034815530",1
"11047119231",1
"11068310558",1
"11068815432",1
"11077119230",1
"11115818339",1
"11119815330",1
"11119815351",1
"11119815430",1
"11125818339",1
"11136416538",1
"11149815334",1
"11155716135",1
"11158815436",1
"11159815335",1
"11168815334",1
"11204416538",1
"11209815338",1
"11214016831",1
"11228718436",1
"11235716137",1
"11258316558",1
"11280812050",1
"11285716136",1
"11298815353",2
"11340410558",1
"11349815355",1
"11388815434",2
"11405716135",1
"11489815354",1
"11504016832",2
"11569815331",1
"11576310538",1
"11619016650",1
"11628718435",1
"11638016651",1
"11669815338",1
"11669815438",1
"11715816332",1
"11717819331",1
"11738815450",1
"11750816551",1
"11768815435",1
"11775716137",1
"11779815437",1
"11798718435",1
"11805818330",1
"11809815339",1
"11815118133",1
"11885118133",2
"11888815334",2
"11898815338",1
"11915716137",1
"11916311538",1
"11919815434",1
"11959815432",1
"11987310538",2
"12008815338",1
"12015311538",2
"12069815338",1
"12118718435",1
"12128815331",2
"12147119232",1
"12154815532",1
"12217119232",1
"12225816232",2
"12250816959",2
"12284316538",1
"12314815530",1
"12325818338",1
"12354016835",1
"12395816237",1
"12408815454",1
"12458815333",1
"12506410538",1
"12527819334",1
"12529310538",1
"12537119232",1
"12556411538",2
"12634417538",1
"12679814952",1
"12695118134",1
"12709815336",1
"12766616838",1
"12854415538",1
"12889815430",1
"12926315538",2
"12929815431",1
"12944210632",1
"12955818333",1
"12968815456",1
"12975816231",1
"12988815350",1
"13005410538",2
"13025818333",1
"13105818336",1
"13135818330",2
"13138815330",1
"13138815438",1
"13169815439",1
"13208815435",1
"13240816959",1
"13247119231",1
"13478815430",1
"13498815438",1
"13527410538",1
"13556415538",1
"13616412538",1
"13639815333",1
"13656616838",1
"13695716137",1
"13708815351",1
"13770815450",1
"13779815338",1
"13796319538",2
"13805818339",1
"13829815438",1
"13835816237",1
"13858815338",1
"13889310538",2
"13969815350",1
"13989815437",2
"13998815432",1
"14008815456",1
"14065310538",1
"14488815330",2
"14699410538",2
"14888815438",1
"14934417538",1
"14939815436",1
"14959815339",1
"14978016654",1
"15028815338",1
"15029016651",1
"15077310538",1
"15117819330",1
"15139815338",1
"15155818335",1
"15158815438",1
"15205716138",1
"15250816953",2
"15258815433",1
"15269815438",1
"15328815356",1
"15338815339",2
"15375816237",1
"15535816236",1
"15548815431",1
"15568815333",1
"15578716457",1
"15585818336",1
"15598815432",1
"15628016652",1
"15629815431",1
"15699814950",1
"15699815337",1
"15765816232",1
"15928815453",1
"15935118133",1
"16000410558",1
"16114016831",1
"16119815437",1
"16155818330",1
"16178815436",1
"16186411538",2
"16207819330",1
"16229815435",1
"16265818334",1
"16338815435",2
"16384210631",1
"16444316538",1
"16459815437",1
"16467119234",1
"16508310538",1
"16579815350",2
"16596311538",1
"16608316558",1
"16658815438",1
"16667819331",1
"16668815434",1
"16689815436",1
"16709016652",2
"16759815432",1
"16818815335",1
"16824316538",1
"16829815432",1
"16849815432",1
"16865611838",1
"16878815332",1
"16885816238",1
"16915816235",1
"16918815433",1
"16985410538",1
"17076418538",1
"17096310538",1
"17118815337",1
"17128815331",1
"17165310538",1
"17199815337",2
"17225716135",1
"17278815456",1
"17368815351",1
"17425818333",1
"17467819332",1
"17504310538",1
"17529815332",2
"17598410538",1
"17695816239",1
"17699814952",1
"17704715533",2
"17715716135",2
"17739416558",1
"17748815357",1
"17789815339",1
"17795411538",1
"17798815331",1
"17835816236",2
"17839815350",1
"17855816236",1
"17906310538",1
"17918016653",1
"17929310538",1
"18067310538",1
"18175818331",1
"18175818336",1
"18188815333",1
"18189815338",1
"18229815339",2
"18265818332",1
"18304815532",1
"18350815359",1
"18398815336",1
"18408815334",1
"18418815337",1
"18428815350",1
"18595818337",2
"18630816959",1
"18639815431",1
"18645818331",1
"18665818338",1
"18699815430",2
"18728815339",1
"18749815337",1
"18816617838",1
"18837310538",1
"18859410538",1
"18879815339",1
"18895816331",1
"18949310538",1
"18965716137",1
"19017410538",1
"19065818338",1
"19095411538",1
"19096415538",2
"19106311538",1
"19156315538",2
"19157310538",1
"19165816232",1
"19194016833",1
"19209815330",2
"19228815333",1
"19255816333",1
"19258815450",1
"19270816951",1
"19286412538",1
"19306316538",1
"19325818334",1
"19338815331",1
"19405816235",1
"19435818331",1
"19449310538",1
"19529815354",1
"19598815335",2
"19615816333",1
"19628815436",1
"19629815331",1
"19659815335",1
"19699719854",1
"19709815352",1
"19725818336",1
"19770816951",1
"19775716136",1
"19805818338",1
"19878815452",1
"19879815436",1
"19879815437",2
"19890816959",1
"19897310538",2
"19910819250",2
"19988815435",1
"20000815351",1
"20037819332",1
"20088310538",1
"20128310558",1
"20169815355",1
"20169815438",1
"20176411538",1
"20235818338",1
"20256416538",1
"20295816238",1
"20438815432",1
"20557819330",1
"20589815438",1
"20594016835",1
"20665816238",1
"20695818333",1
"20709815331",1
"20819815432",1
"20865118139",1
"20880812052",1
"20885816231",1
"20927119231",1
"20939815337",1
"20955818334",2
"20969815433",1
"21018815336",1
"21065816232",1
"21099815430",1
"21109815332",1
"21115411538",1
"21120816952",1
"21138815432",1
"21168815451",1
"21250815356",1
"21309815431",1
"21374315538",1
"21425816232",1
"21429310538",1
"21448716457",2
"21504016837",1
"21505816232",1
"21515118134",1
"21586311538",1
"21589815338",1
"21657819331",1
"21719815336",2
"21735816238",1
"21769815337",2
"21886418538",1
"21928815435",1
"21949815339",1
"22000816957",1
"22026616838",1
"22029410538",2
"22068815338",1
"22074016830",1
"22130815350",1
"22218718435",1
"22218815357",1
"22229310538",1
"22230816554",1
"22234415538",1
"22236317538",1
"22239815333",1
"22264016836",1
"22274815531",1
"22284815530",1
"22289815433",1
"22295716136",1
"22297310538",2
"22326414538",1
"22338016650",1
"22388316558",1
"22389815432",1
"22418815431",1
"22448316558",1
"22505818334",1
"22549815435",1
"22558815339",2
"22579815430",1
"22675818339",1
"22810812051",2
"22829815331",1
"22847119231",1
"22869815439",1
"22886314538",1
"22919815339",1
"22926311538",1
"22949016653",1
"22958310538",1
"23039815330",1
"23039815332",1
"23068815352",1
"23126316538",1
"23130815350",1
"23205611838",1
"23207819330",1
"23219815332",1
"23236616838",1
"23270812050",1
"23285411538",1
"23288815330",2
"23329815432",1
"23336317538",1
"23336319538",2
"23338815437",1
"23395716135",1
"23450116456",1
"23575716139",2
"23578815333",1
"23760812052",1
"23780812050",1
"23865716135",1
"23890815450",1
"23909815437",1
"23968310538",1
"23988815338",1
"24115818330",1
"24159410558",1
"24159815353",1
"24208410538",1
"24228815437",1
"24240716653",1
"24268815436",1
"24326310538",2
"24378815431",1
"24855816235",1
"24869815437",1
"24878815451",1
"24937310538",1
"25018815438",1
"25025816330",1
"25035118134",1
"25038815333",1
"25116414538",1
"25124016837",1
"25168815332",2
"25177119232",1
"25178815359",1
"25208815338",1
"25235818333",1
"25289815352",1
"25315310538",1
"25354815532",1
"25355716136",1
"25380816954",1
"25387119232",1
"25388815430",1
"25488316558",1
"25515410538",2
"25554315538",1
"25575816237",1
"25594210632",1
"25608016651",1
"25619815339",2
"25660812053",1
"25744210631",1
"25809815331",1
"25815818337",1
"25878016653",1
"25898815339",1
"25924210632",1
"25934316538",1
"25989815434",1
"25995118139",1
"26076617838",1
"26089815436",1
"26090816959",1
"26114210631",1
"26294210631",1
"26385818338",1
"26435716137",1
"26487119231",1
"26490310558",1
"26538815430",1
"26548815352",1
"26560816551",1
"26587819333",1
"26625816331",1
"26735818331",1
"26745816237",1
"26797410538",1
"26808815352",1
"26819010859",1
"26845716139",1
"26895816237",1
"26909815353",1
"26928310538",2
"26985716139",2
"26997819330",1
"26998815450",2
"27014715533",1
"27058815330",1
"27106415538",1
"27208815334",1
"27239815335",1
"27308410538",1
"27329815438",1
"27360816553",1
"27368815351",1
"27398016650",1
"27436419538",1
"27515311538",1
"27528410538",1
"27528815333",2
"27688410538",1
"27688815454",1
"27717119232",1
"27728815456",2
"27786419538",1
"27808815434",1
"27860816954",1
"27909815432",2
"27929016653",1
"28006410538",1
"28008716457",2
"28100716652",1
"28105816331",1
"28178815434",1
"28219316558",1
"28235816330",1
"28288815356",1
"28385818333",2
"28400816954",1
"28415816331",1
"28417310538",1
"28465816235",1
"28547819332",1
"28586310538",1
"28738016652",1
"28765818336",2
"28810816959",2
"28819016653",2
"28819815336",1
"28836410538",1
"28848316558",1
"28886410538",1
"29035816237",1
"29048410538",1
"29068815430",1
"29098815333",1
"29179815434",2
"29187819330",1
"29340116459",1
"29354016831",1
"29478815455",2
"29509815330",1
"29548815454",1
"29727819334",1
"29749815336",1
"29795816231",1
"29804715533",2
"29818815359",1
"29834016831",1
"29838815436",1
"29860815355",1
"29899815439",1
"29926616838",1
"29960815350",1
"29975816238",1
"29989410538",1
"29999814950",1
"30075310538",1
"30089815338",2
"30159815330",1
"30199815331",1
"30224210630",1
"30239719854",1
"30249815431",1
"30340816552",1
"30345311538",1
"30389016651",2
"30450116456",2
"30559010859",1
"30848815335",1
"30868815435",1
"31038815358",1
"31086616838",1
"31087310538",1
"31109410538",1
"31115816231",1
"31259815334",1
"31279815332",2
"31309815330",1
"31430816550",2
"31465816232",1
"31516314538",1
"31527119233",2
"31539316558",1
"31579815335",1
"31607310538",1
"31635816236",2
"31649815437",1
"31669815436",1
"31688815332",1
"31688815438",1
"31759814952",1
"31810812053",2
"31916410538",1
"31958815353",1
"32050816550",1
"32059016652",1
"32120815350",1
"32129719854",1
"32179815438",1
"32199815437",1
"32218815337",1
"32255816237",1
"32276310538",1
"32310816951",1
"32324410538",1
"32338016650",1
"32366317538",1
"32445818333",2
"32448718435",1
"32486411538",1
"32509815339",1
"32518410538",1
"32519815331",1
"32535410538",1
"32599815330",1
"32758815436",1
"32834415538",1
"32857819331",1
"32864016831",2
"32865816239",1
"32886312538",1
"32936411538",1
"32976416538",1
"32999815339",1
"33018016650",1
"33048316558",1
"33059815332",1
"33086319538",1
"33095818332",1
"33098016654",1
"33109815336",1
"33115816232",1
"33186617838",1
"33198718435",1
"33218410558",1
"33220812051",1
"33228815356",1
"33238815358",1
"33239815331",1
"33258815430",1
"33304316538",1
"33304317538",1
"33305816235",1
"33305816334",1
"33307819334",1
"33314815532",1
"33328815454",1
"33338815336",1
"33360815352",1
"33369016654",1
"33375816236",1
"33379316558",1
"33379410538",1
"33385716139",1
"33429815435",1
"33679410538",1
"33709815332",1
"33718815330",1
"33809815337",1
"33895818339",1
"33918815432",1
"33939815436",1
"33967119234",1
"33975816333",1
"33998716457",1
"34055816230",1
"34056412538",1
"34099815334",1
"34245818339",1
"34278016653",1
"34319016651",1
"34326316538",1
"34389815431",1
"34465816231",1
"34489815435",1
"34518815330",1
"34578716455",1
"34645818336",1
"34659815332",1
"34669410538",1
"34726616838",1
"34776315538",1
"34858410538",1
"34885816332",1
"34949719854",1
"35008815337",1
"35119016650",1
"35170812051",1
"35225118134",1
"35365818335",2
"35419815330",1
"35459016652",1
"35595816333",1
"35596318538",1
"35655410538",2
"35754016830",1
"35785611838",1
"35860816550",1
"35909815330",1
"35909815431",1
"35990815357",1
"36075818337",2
"36109815336",1
"36125716137",1
"36195118134",1
"36228815330",2
"36235411538",2
"36284815530",1
"36296616838",1
"36365818337",2
"36379815354",1
"36384016837",1
"36390410558",1
"36415816230",1
"36519815438",1
"36538016652",1
"36575818330",1
"36597410538",1
"36615818337",1
"36618815432",1
"36649016650",1
"36699814950",1
"36739815336",2
"36769815338",1
"36798718436",2
"36809815330",1
"36858815333",1
"36875311538",1
"36956319538",1
"36966314538",1
"36978815456",1
"37096318538",1
"37109016650",1
"37198316558",2
"37205818330",1
"37229410538",1
"37258815452",1
"37289815433",1
"37315410538",1
"37324016834",1
"37359815331",1
"37375816230",1
"37424016833",1
"37535816238",2
"37609410538",1
"37649815331",1
"37806617838",1
"37856617838",1
"37864016830",1
"37874416538",2
"37929815334",1
"37968815435",1
"37997119232",1
"38015816231",1
"38045118133",1
"38078815352",1
"38080116456",1
"38096310538",1
"38129815337",1
"38166319538",1
"38170815357",1
"38185818331",1
"38229815437",1
"38240812050",1
"38256318538",1
"38285411538",1
"38285816235",1
"38307819333",1
"38334815530",1
"38355818338",1
"38365818331",1
"38430410558",1
"38505410538",1
"38517819333",1
"38527819330",1
"38528815438",1
"38568410558",2
"38607310538",1
"38715816331",1
"38767819333",1
"38775818331",2
"38775818339",1
"38785716137",1
"38799815339",1
"38808815437",1
"38818815332",1
"38830116457",1
"38889016652",1
"38889815433",1
"38915118134",2
"38954416538",1
"38965816232",2
"39029410538",1
"39139815351",2
"39174715533",1
"39179815434",1
"39229815331",1
"39258316558",1
"39328815436",1
"39338016653",1
"39368815432",1
"39438815337",1
"39476311538",1
"39585816330",1
"39586316538",1
"39598815333",1
"39626311538",1
"39635818333",1
"39659815353",1
"39674715533",1
"39718815333",1
"39788815337",1
"39885410538",1
"39887310538",1
"39935818335",1
"39978815330",1
"39986419538",2
"40008815450",1
"40024210632",1
"40078815352",1
"40089815336",1
"40115118133",1
"40255816231",1
"40278815435",1
"40279815350",1
"40440815351",1
"40526419538",1
"40604317538",1
"40606617838",1
"40608815456",1
"40785716136",1
"40835818336",1
"40934416538",1
"41040815359",1
"41048815456",1
"41208815452",1
"41356410538",2
"41368410538",1
"41476312538",2
"41488410538",1
"41587310538",1
"41710815350",1
"41719815439",1
"41770310558",1
"41809016651",1
"41829815333",2
"41859410538",1
"41917410538",1
"41919815336",1
"41988410538",2
"42215816236",1
"42255816236",1
"42289410538",1
"42329016653",1
"42586419538",1
"42739016651",1
"42785818333",1
"42796310538",1
"42798815332",1
"42818815336",1
"43068815457",1
"43198815330",2
"43209016654",1
"43215818338",2
"43219815430",1
"43224016835",1
"43230816550",1
"43250812050",1
"43269016651",1
"43275818331",1
"43284417538",1
"43295818333",1
"43335816332",1
"43339416558",1
"43428815438",1
"43439815433",1
"43458815336",1
"43509815438",2
"43655816231",1
"43698815430",1
"43719814952",2
"43756316538",1
"43757310538",1
"43805816230",1
"43875716138",1
"43875816232",1
"44008815356",1
"44138815437",1
"44145816333",1
"44224210632",2
"44268815434",1
"44326317538",1
"44335816232",1
"44348815438",1
"44379815336",1
"44418815330",1
"44448815337",1
"44465818332",1
"44489815430",1
"44576316538",1
"44584210631",1
"44625816232",1
"44635818331",1
"44635818337",1
"44637819333",2
"44698016650",1
"44838815430",1
"44915118133",1
"44925411538",1
"44979815334",1
"45010416558",1
"45045816331",1
"45119815430",1
"45180815352",1
"45536319538",1
"45597819332",1
"45600816957",1
"45625716137",1
"45629815353",1
"45675410538",1
"45744815531",1
"45999815352",1
"46169815438",1
"46288815431",1
"46329410538",1
"46334016837",1
"46349410538",1
"46378016653",1
"46404016833",1
"46419310538",2
"46420816951",1
"46475818334",1
"46505816237",1
"46505818338",2
"46609815433",1
"46610815350",1
"46635816330",1
"46717119230",1
"46755816231",1
"46810116457",1
"46815818331",1
"46837119232",1
"46838310538",1
"46864315538",1
"46888815434",1
"46897119234",1
"46910815356",1
"46926412538",1
"46976412538",1
"47107310538",1
"47139815339",1
"47147819333",2
"47180815359",1
"47289815436",2
"47309815437",1
"47335816230",1
"47387819334",1
"47576410538",1
"47678815337",1
"47685716136",2
"47708815356",1
"47715410538",1
"47788815353",2
"47869815334",1
"47890816954",1
"47978815439",2
"48045816233",1
"48139815355",1
"48185611838",1
"48265311538",1
"48266410538",1
"48280815354",1
"48348310538",2
"48369815352",1
"48385818333",1
"48419714959",1
"48515818332",1
"48516411538",1
"48519815350",1
"48568815455",1
"48629815435",2
"48669815336",1
"48718316558",1
"48719815330",1
"48719815336",1
"48825716137",1
"48834210631",1
"48835816238",1
"49068016654",1
"49179116355",1
"49197819333",1
"49319815434",1
"49475816333",1
"49685818335",1
"49694815531",2
"49730812052",1
"49798815333",1
"49818815359",1
"49899815336",1
"49908815332",1
"49919815436",1
"49974016832",1
"50030815357",1
"50179815350",1
"50189815330",1
"50195118139",1
"50196419538",1
"50208815331",2
"50259815439",1
"50308815339",1
"50389814952",1
"50455816331",1
"50475818338",1
"50478815452",1
"50506319538",2
"50549815351",1
"50585818332",1
"50617819330",1
"50619410538",1
"50665816238",1
"50798815456",2
"50807819332",1
"50830816551",1
"50855611838",1
"50969815338",1
"51039815350",1
"51108815336",1
"51109815330",1
"51159815437",1
"51185118133",1
"51269815338",1
"51278815336",1
"51335818333",1
"51398016653",2
"51399815437",1
"51429310538",2
"51525716137",1
"51558815457",2
"51569016652",1
"51576412538",1
"51585118139",1
"51585816239",1
"51719310538",1
"51768815433",1
"51770812054",1
"51780410558",1
"51838815437",1
"51906317538",1
"51915818330",1
"51928410538",1
"51979815335",1
"52089815355",1
"52095818337",1
"52226319538",2
"52236415538",1
"52298815336",1
"52344316538",1
"52354815531",1
"52358410538",1
"52367819334",1
"52477310538",1
"52525118133",1
"52545816233",1
"52615816330",1
"52689815338",1
"52725611838",1
"52738016651",1
"52756311538",1
"52769815438",1
"52804016834",1
"52806311538",1
"52834815530",2
"52874316538",1
"52920815351",1
"52928815437",1
"52976310538",1
"52979815339",1
"52995818337",1
"53025716135",1
"53108410538",1
"53144415538",1
"53160116457",1
"53189815330",1
"53196418538",1
"53275716137",1
"53276617838",1
"53358310538",1
"53387310538",1
"53399815437",1
"53475816332",1
"53495716136",1
"53536316538",2
"53559815334",1
"53565816232",1
"53615816236",2
"53634316538",1
"53639016653",1
"53669815336",2
"53778815350",2
"53866311538",1
"54077119232",1
"54129815334",1
"54156317538",1
"54208815336",1
"54308815339",1
"54310815351",1
"54325411538",1
"54328718436",1
"54335818333",1
"54348815332",1
"54364016833",1
"54385816238",1
"54408815339",1
"54426312538",1
"54435716135",1
"54465716136",1
"54475816238",1
"54508410558",1
"54509815350",1
"54627119234",2
"54666410538",1
"54689815332",1
"54748815438",1
"54758815330",1
"54776310538",1
"54776410538",2
"54818815338",1
"54829310538",1
"54846318538",1
"54858815339",2
"55044016832",1
"55058815332",1
"55140310558",1
"55158815331",1
"55189815438",1
"55195816331",1
"55207819332",1
"55219016651",1
"55249815339",1
"55308016652",1
"55308410538",1
"55355818334",2
"55369016653",1
"55425611838",1
"55439815330",1
"55448815438",1
"55449815436",1
"55465816238",1
"55466415538",1
"55479016653",1
"55479815436",1
"55488815352",1
"55507119232",1
"55509815430",1
"55515310538",1
"55545311538",1
"55549815439",1
"55555816232",1
"55558815439",1
"55560816552",1
"55569815433",1
"55580815352",1
"55585816334",1
"55586319538",1
"55596315538",1
"55606411538",1
"55638815435",1
"55665816236",1
"55670815351",1
"55685716137",1
"55705816237",1
"55715816239",1
"55734016835",1
"55755818335",2
"55797819330",2
"55798718435",1
"55825716138",1
"55825818330",2
"55848815457",1
"55867819330",1
"55885410538",1
"56009815433",2
"56015118133",1
"56039815337",1
"56089815330",1
"56110815350",1
"56135818338",1
"56136318538",1
"56145818331",1
"56159815436",2
"56186412538",1
"56198815435",1
"56210815357",1
"56279815332",1
"56280812052",1
"56318815337",1
"56425818333",1
"56435818337",1
"56445818331",1
"56449719854",1
"56460812051",1
"56465816234",1
"56508815334",1
"56538815333",1
"56540816958",1
"56568310538",1
"56635716136",1
"56636319538",1
"56638815333",1
"56669815352",2
"56709815331",1
"56789815435",2
"56800815351",1
"56809815339",1
"56835310538",2
"56849815338",1
"56889815337",1
"56909815336",1
"56910816552",1
"56929815437",1
"57005411538",2
"57079815336",1
"57115816232",1
"57116410538",1
"57184016832",1
"57207819333",1
"57258815332",2
"57258815430",1
"57278815432",1
"57289815433",1
"57309815336",1
"57334016831",2
"57339815350",1
"57389016650",1
"57395816230",1
"57415818331",1
"57489815337",2
"57500716652",1
"57517410538",1
"57520316558",1
"57578815432",1
"57637819334",1
"57688410538",2
"57690816959",1
"57696616838",1
"57697819331",1
"57705118139",1
"57774016833",1
"57775118133",1
"57784317538",2
"57800812050",1
"57808410538",1
"57826315538",1
"57927119230",1
"57927119231",1
"57939815439",1
"57955818339",2
"57968716455",1
"58059814950",1
"58098815435",2
"58107310538",1
"58228815432",1
"58236318538",1
"58257119231",1
"58367119232",1
"58389815337",1
"58479815430",1
"58518815431",1
"58649815338",1
"58658410538",1
"58667119231",2
"58769815332",2
"58788815333",1
"58799815436",1
"58820816959",2
"58840716652",1
"58858815333",1
"58877119230",1
"58888815438",1
"58914315538",1
"58929815331",1
"58939815339",1
"58966315538",1
"59038815435",1
"59078410538",1
"59089815337",1
"59098815336",1
"59188815352",2
"59199815353",2
"59335818330",1
"59375310538",1
"59399815437",1
"59545716137",1
"59588815332",1
"59589016651",1
"59648815332",1
"59649016653",1
"59658016651",1
"59665816331",1
"59669815337",2
"59689815431",1
"59689815435",1
"59765818332",2
"59794210630",1
"59809815337",1
"59818815338",1
"59899815336",2
"59978718435",1
"59999815439",1
"60015816331",1
"60050815355",1
"60054210630",1
"60066311538",1
"60075818339",1
"60085716138",1
"60086410538",1
"60089815435",1
"60094815532",1
"60096310538",1
"60099815332",1
"60119815336",1
"60135118134",1
"60165816333",1
"60198815457",1
"60208815431",1
"60209016651",1
"60209815332",1
"60259016653",2
"60319410538",1
"60396319538",2
"60425311538",1
"60485816239",2
"60507819334",1
"60549815431",1
"60565818333",1
"60619815336",1
"60645818333",1
"60649815333",1
"60667819334",1
"60668016651",1
"60668815430",1
"60695816332",1
"60730815450",1
"60769815350",1
"60817819330",1
"60819410538",1
"60819815435",1
"60839410558",1
"60885410538",1
"60895816331",1
"60928815338",1
"60958815431",1
"61014815531",2
"61029815339",1
"61034016836",2
"61035310538",1
"61045818333",1
"61069310538",2
"61089815433",1
"61115818337",1
"61156312538",2
"61175816333",2
"61185118139",1
"61186311538",1
"61198815434",2
"61207819330",1
"61208410538",1
"61219815433",1
"61225816235",2
"61236310538",1
"61269814950",1
"61286310538",1
"61289410538",1
"61299815432",2
"61348316558",2
"61365818331",1
"61517819331",1
"61519814951",1
"61530816550",1
"61538815352",1
"61569815332",1
"61589116355",1
"61590116456",1
"61596310538",1
"61604016832",1
"61605818336",1
"61635818339",1
"61666315538",1
"61689815331",1
"61689815350",1
"61695818336",1
"61728410538",1
"61755816233",1
"61779815331",1
"61808815435",1
"61819815353",2
"61829814951",1
"61845816238",2
"61868815336",1
"61889815331",1
"61899310538",1
"61918815351",1
"61958815436",1
"61959310538",1
"61985816234",1
"62004016834",1
"62059814952",1
"62059815435",1
"62059815436",1
"62068815433",2
"62080816959",1
"62086311538",2
"62118815357",1
"62158815431",1
"62165816239",2
"62169815433",1
"62185818337",1
"62198815333",1
"62228815436",1
"62235716136",1
"62279416558",1
"62360310558",1
"62379815439",2
"62390815354",1
"62437410538",2
"62457410538",1
"62475818335",1
"62479815330",1
"62495118139",1
"62519815338",2
"62529815331",1
"62665310538",2
"62694417538",1
"62720816953",1
"62745816333",2
"62769815333",1
"62779016651",2
"62799815431",1
"62819815331",1
"62838016653",1
"62878815431",1
"62887819331",1
"62988815433",1
"62988815436",1
"63000316558",1
"63018815456",1
"63076318538",1
"63135818334",1
"63169310538",1
"63179815352",1
"63198815435",1
"63235118139",1
"63269815338",1
"63270816953",1
"63305818338",1
"63307119233",1
"63346312538",1
"63354016835",2
"63378815333",1
"63379815434",1
"63385410538",1
"63408815432",2
"63479815436",1
"63508410538",1
"63589410538",1
"63605818338",1
"63665816230",1
"63670116458",1
"63728815333",1
"63774016830",1
"63785311538",1
"63796310538",1
"63829815437",1
"63839815335",2
"63865310538",1
"63885816238",1
"63888815331",1
"63889815331",1
"63895311538",1
"63939815331",1
"63939815338",2
"63945716135",1
"63990815351",1
"63996417538",1
"63997119230",1
"64038815336",1
"64065118139",2
"64076318538",1
"64137819331",1
"64237410538",1
"64238016653",1
"64254417538",1
"64408815339",1
"64439815432",1
"64499815432",2
"64499815438",2
"64529815339",1
"64600815359",1
"64605816333",1
"64609815436",1
"64645716139",1
"64647819331",1
"64655818331",1
"64664410538",1
"64749815351",2
"64805816333",1
"64824210632",1
"64849310538",1
"64850815353",1
"64889815434",1
"64889815439",1
"64910816952",1
"65015410538",1
"65018815437",1
"65025816230",1
"65097819332",1
"65205818331",1
"65207310538",1
"65210816552",1
"65225818330",2
"65255310538",1
"65259310538",1
"65269815439",1
"65304016831",1
"65348815331",1
"65360815354",1
"65399815334",1
"65417819331",1
"65429815335",1
"65429815339",1
"65435716135",1
"65449715456",1
"65458815450",1
"65478815454",1
"65486415538",2
"65498815434",1
"65518815334",1
"65525816332",2
"65528815339",1
"65559410538",1
"65588815432",1
"65636616838",1
"65650816553",1
"65688815456",1
"65694316538",1
"65698815456",2
"65715816231",1
"65735311538",1
"65759815336",1
"65790716652",1
"65795818330",2
"65797410538",1
"65854210631",1
"65858815336",1
"65866316538",1
"65866410538",1
"65869815355",1
"65939815331",2
"65949815330",1
"65958815438",1
"65980310558",1
"66029815332",2
"66029815438",2
"66038815432",1
"66056410538",1
"66065716136",2
"66068815351",1
"66068815439",1
"66079410538",1
"66095118139",1
"66098815330",1
"66118815331",1
"66156414538",1
"66159815435",1
"66166316538",1
"66176319538",2
"66178815431",1
"66189815439",1
"66198815351",1
"66228815352",2
"66249815334",1
"66255816333",1
"66288815438",1
"66295818336",1
"66319815337",1
"66325818335",1
"66368815333",1
"66409815435",1
"66508815455",2
"66538815338",2
"66550816550",1
"66555118133",1
"66564016830",1
"66564415538",1
"66575310538",1
"66588815455",1
"66589815434",2
"66610815356",1
"66618815331",1
"66624316538",1
"66625311538",1
"66628716457",2
"66635816333",1
"66645118133",1
"66678815330",1
"66708815433",1
"66746418538",1
"66765118139",1
"66776315538",2
"66785716135",1
"66798815437",1
"66804317538",1
"66814310538",1
"66818016654",2
"66818815336",1
"66835716136",1
"66846418538",1
"66855818339",1
"66878310538",1
"66887310538",1
"66898410538",2
"66915816232",1
"66955818336",2
"66969815439",1
"66989815335",1
"66998016653",2
"67007819330",1
"67035716139",1
"67064416538",1
"67084415538",1
"67105818339",2
"67149116355",1
"67168815335",1
"67255816236",1
"67317119233",1
"67335611838",1
"67336315538",1
"67368815339",1
"67379814950",2
"67498815452",2
"67499815435",1
"67508815352",2
"67520116456",1
"67527310538",1
"67529310538",1
"67564016837",2
"67589815439",1
"67605818338",1
"67639815339",2
"67655818331",1
"67685818333",1
"67708815359",1
"67726317538",1
"67770812052",1
"67785818333",1
"67789814952",1
"67799815438",1
"67809815335",1
"67819815350",1
"67828815435",1
"67828815439",1
"67857819331",2
"67869815353",1
"67890816952",1
"67937819331",1
"67959815331",1
"67970410558",2
"67975411538",2
"67996419538",1
"68010815351",1
"68068016653",1
"68085716139",1
"68116312538",2
"68129815332",1
"68175816236",1
"68177119234",1
"68194317538",1
"68199815438",1
"68248815430",1
"68267819330",1
"68276617838",1
"68285118133",1
"68288815330",1
"68309815331",1
"68384016834",1
"68387819330",1
"68395816333",1
"68516411538",1
"68559010859",1
"68579815334",1
"68585118139",1
"68595816238",1
"68610816952",1
"68697119233",1
"68698815331",1
"68700812050",1
"68709016653",1
"68715818334",1
"68719815335",1
"68748815435",1
"68760816953",2
"68787310538",1
"68799815339",1
"68818815430",1
"68818815434",1
"68869410538",1
"68876616838",2
"68879016650",1
"68879815337",1
"68909815330",2
"68910819250",1
"68919310538",1
"68969815432",1
"68974417538",1
"68976319538",1
"68999815335",1
"69009016654",1
"69029815434",2
"69039815435",1
"69059815334",1
"69085716139",1
"69089310538",1
"69099815436",2
"69115716137",1
"69156318538",1
"69179815439",1
"69180816959",2
"69215816237",1
"69250815355",1
"69258410558",1
"69306314538",1
"69358815337",1
"69377819332",1
"69399815439",1
"69406616838",1
"69496416538",1
"69498815452",1
"69539815353",1
"69565818336",1
"69579815338",1
"69615716137",1
"69626310538",1
"69698815350",1
"69699815439",1
"69705818330",1
"69715716136",1
"69734815531",1
"69779815330",2
"69788410538",1
"69799815332",1
"69808410538",1
"69808815430",2
"69845118139",1
"69859815352",1
"69859815430",1
"69865816236",1
"69868815452",1
"69876411538",2
"69897119230",1
"69905818332",1
"69915818335",1
"69948815351",2
"70004016834",1
"70008815435",1
"70079310538",1
"70099815337",1
"70118815432",1
"70160815358",1
"70187819330",1
"70194016837",1
"70198310538",2
"70198815332",1
"70229815351",1
"70234016831",1
"70279815339",1
"70329815438",1
"70360816551",1
"70408815334",2
"70448815333",1
"70519715456",1
"70530815357",1
"70585818338",1
"70589815433",1
"70655816334",1
"70669815337",1
"70679815333",1
"70689815437",1
"70695816231",2
"70706315538",1
"70768815431",1
"70776617838",1
"70778815333",1
"70798016651",1
"70918718435",1
"71015818337",1
"71058016651",1
"71059815336",1
"71059815353",1
"71079815332",2
"71079815335",2
"71099815332",1
"71114016831",1
"71166617838",1
"71220815355",1
"71295716137",1
"71329815439",1
"71408016651",1
"71455118139",1
"71460815351",1
"71509815351",1
"71547819334",1
"71558316558",2
"71559814950",1
"71587819330",1
"71616412538",1
"71619815337",1
"71635816231",1
"71707119234",1
"71777119234",1
"71858310538",1
"71878815330",1
"71884016835",1
"71896317538",1
"71919310538",1
"71938815433",1
"71968815438",1
"72008815337",1
"72088815430",1
"72099815334",1
"72179815437",1
"72188815434",1
"72199116355",1
"72199815431",1
"72279815433",1
"72285118133",1
"72365816231",1
"72459815439",2
"72515310538",1
"72517310538",1
"72559719854",1
"72580815450",1
"72585816233",1
"72588815456",1
"72648815430",2
"72655818335",1
"72709310538",1
"72719010859",1
"72759815334",1
"72765818337",1
"72816410538",2
"72827819331",1
"72835118133",1
"72859416558",1
"72899815436",1
"72918815336",1
"72940116457",1
"73039815434",1
"73109116355",1
"73136310538",2
"73167119231",1
"73168316558",1
"73295818339",2
"73317410538",1
"73337819330",1
"73350816959",1
"73425716135",1
"73465818332",1
"73529815339",1
"73554016833",2
"73556418538",1
"73559815433",1
"73585410538",1
"73624016832",1
"73708310538",1
"73775716135",1
"73775818339",1
"73779815339",1
"73799814950",1
"73804416538",1
"73825818339",1
"73826315538",1
"73838815455",1
"73848815357",2
"73859815353",1
"73884016833",1
"73890815356",2
"73939016651",1
"73970815351",1
"73979815435",1
"74015311538",1
"74018815356",1
"74055816333",1
"74078815352",1
"74139815437",1
"74159815350",1
"74238815356",2
"74295716135",1
"74424310538",1
"74468316558",1
"74525818333",1
"74559815334",1
"74620816955",1
"74639815339",1
"74858815332",1
"74996317538",1
"75008815331",1
"75015118134",1
"75050410558",1
"75065311538",1
"75095816333",1
"75257119231",1
"75278815432",2
"75328815339",1
"75395816330",1
"75399815332",1
"75520816552",1
"75557119230",1
"75565816232",2
"75598815339",1
"75669815338",1
"75685816330",2
"75698815431",1
"75706417538",2
"75728815353",1
"75729410538",1
"75750815357",2
"75768310538",1
"75778815357",1
"75828310558",1
"75916314538",1
"75935818333",2
"75939815432",1
"75989310538",2
"76010815354",1
"76065716138",1
"76075716135",1
"76079714959",1
"76118815339",1
"76178815438",2
"76245816332",2
"76268815431",1
"76289815438",1
"76498410538",1
"76517819332",1
"76535818337",1
"76537819333",1
"76539815430",2
"76546418538",1
"76555716136",1
"76560812051",1
"76575816232",1
"76575816332",1
"76607819333",1
"76609016652",1
"76625818336",1
"76628310538",2
"76645411538",1
"76650815357",1
"76657310538",1
"76659310558",1
"76666418538",1
"76748815339",1
"76765611838",1
"76768718435",2
"76827310538",1
"76829814951",1
"76839815338",1
"76856316538",1
"76888815331",1
"76888815438",1
"76899815433",1
"76938815438",1
"76938815439",1
"76957119232",1
"77004310538",1
"77008016652",1
"77016312538",1
"77019815432",1
"77049310538",1
"77050410558",2
"77054016831",1
"77057119234",1
"77079016651",1
"77108815438",1
"77124316538",1
"77124815530",1
"77128815437",1
"77166312538",1
"77177119232",1
"77198815336",1
"77199410538",1
"77199815339",2
"77207819333",1
"77215818330",2
"77236310538",2
"77259016654",1
"77266616838",1
"77275310538",1
"77290716652",1
"77304815531",1
"77359815338",1
"77366418538",1
"77377819330",1
"77378815436",2
"77379410558",1
"77379815332",1
"77385716137",1
"77389815438",1
"77398815358",1
"77398815432",1
"77429715456",1
"77438815435",2
"77456418538",1
"77464815530",1
"77495816237",1
"77508016652",1
"77508815338",1
"77534415538",1
"77545818333",1
"77568815332",1
"77574417538",1
"77575816239",1
"77584815531",1
"77597819332",1
"77628016654",1
"77635816331",1
"77639815330",1
"77660816952",1
"77665118133",1
"77668815330",1
"77668815433",1
"77685411538",1
"77688815339",1
"77706317538",1
"77716616838",1
"77716617838",1
"77728815333",1
"77735816230",1
"77746414538",1
"77748410538",1
"77748815334",1
"77755118139",1
"77755818331",1
"77755818338",1
"77759815338",1
"77777119233",1
"77777819331",2
"77780815354",1
"77785310538",1
"77785816333",1
"77788815333",1
"77794410538",1
"77815311538",1
"77818815331",1
"77824016832",1
"77859815433",1
"77859815436",1
"77868815330",2
"77868815333",1
"77910816550",2
"77919815434",1
"77924316538",2
"77946411538",1
"77958316558",1
"77965816230",1
"77968815451",1
"77989815432",1
"78035816235",1
"78080819250",1
"78087119234",2
"78115816236",1
"78178718435",1
"78186310538",1
"78188410538",1
"78205818334",1
"78209815332",1
"78275311538",1
"78279815337",1
"78308815334",1
"78317819333",1
"78319815338",1
"78335816238",1
"78359815435",1
"78370815356",1
"78387819330",1
"78425311538",1
"78490816552",1
"78515816231",1
"78579410538",1
"78598815336",1
"78635816237",1
"78658016651",1
"78688815330",1
"78700815350",1
"78729815339",1
"78737819330",1
"78758815437",1
"78779815335",1
"78818815433",1
"78826319538",1
"78835816236",1
"78840815355",1
"78845716135",1
"78856310538",1
"78888815331",1
"78895411538",1
"78895716139",1
"78939310538",1
"78945816332",1
"78990816551",2
"79028815437",1
"79066416538",2
"79085716135",1
"79105816234",1
"79105816330",1
"79128815430",1
"79169815432",1
"79184415538",2
"79196416538",1
"79205816235",2
"79215716136",1
"79286310538",2
"79295118133",1
"79320410558",1
"79335816232",1
"79365818335",1
"79385716135",2
"79386412538",2
"79405410538",2
"79455818332",1
"79555611838",2
"79566317538",1
"79607310538",1
"79619815333",1
"79628815438",1
"79635818338",1
"79687819330",1
"79696414538",1
"79740410558",1
"79758016652",1
"79768815436",1
"79779814952",1
"79785716137",1
"79797819330",1
"79798815436",1
"79860815450",1
"79868815336",1
"79868815337",1
"79886316538",2
"79918310538",1
"79919815334",1
"79985816239",1
"80048718435",1
"80079815430",1
"80079815436",2
"80118716457",1
"80174016833",1
"80237119232",1
"80237119234",1
"80249815333",1
"80257119231",1
"80295716136",1
"80315410538",1
"80330310558",1
"80338815439",1
"80359815330",1
"80375816231",1
"80415310538",1
"80440816550",1
"80534316538",1
"80535816234",1
"80539815435",1
"80559815352",1
"80579815437",2
"80638815457",1
"80654416538",1
"80665818333",1
"80686415538",1
"80729814951",1
"80750816959",2
"80755816334",1
"80756311538",1
"80787119233",1
"80818815330",1
"80835118133",1
"80835716136",2
"80838815435",1
"80858815332",1
"80865818335",2
"80874310538",1
"80889815338",2
"80909815334",1
"80914815530",1
"80930815351",1
"80938815451",2
"80945816332",1
"80968815434",1
"80979815439",1
"81025816330",1
"81060410558",1
"81068815330",2
"81088410538",1
"81128815431",1
"81150815353",2
"81178815336",1
"81189310538",1
"81194310538",1
"81200815355",1
"81327119231",1
"81348016653",1
"81378815436",1
"81384410538",1
"81388310538",2
"81394416538",1
"81395410538",1
"81399815332",1
"81406315538",1
"81438815357",1
"81459310538",1
"81465410538",1
"81468716455",1
"81469815331",2
"81499410538",1
"81500819251",1
"81509016653",1
"81509815430",1
"81518815332",1
"81519016653",1
"81548815332",2
"81606316538",2
"81644815532",2
"81645118139",2
"81647119232",2
"81669815430",1
"81675816231",1
"81680812052",1
"81685818332",1
"81686410538",2
"81696617838",1
"81735611838",1
"81798815330",1
"81838815435",1
"81839815334",1
"81844315538",1
"81848815456",2
"81849016650",1
"81865816334",1
"81895818337",1
"81958815331",2
"81959310538",1
"81989815438",1
"82028815331",1
"82058815338",1
"82089815432",1
"82105716137",1
"82108718435",1
"82164310538",2
"82186312538",1
"82247819331",1
"82255816239",2
"82269815439",1
"82319815430",1
"82329410538",1
"82359815335",1
"82365611838",2
"82368815431",1
"82378815333",1
"82396418538",1
"82439410538",2
"82498815335",1
"82539116355",1
"82546414538",2
"82557410538",1
"82605818330",1
"82619815330",1
"82659815335",1
"82698016651",1
"82715410538",1
"82735816235",2
"82745816239",1
"82767119233",1
"82769815337",2
"82788316558",2
"82839815336",1
"82879815333",1
"82920116456",1
"82929815336",1
"82945816236",1
"82948815353",1
"82958815435",1
"82969116355",1
"82985818330",1
"82987819330",1
"83000812051",2
"83108815430",1
"83119815330",1
"83150815357",1
"83159815352",1
"83174016834",1
"83275310538",1
"83288815337",1
"83295816230",1
"83298815339",1
"83307310538",1
"83338815455",2
"83368410558",1
"83368815332",1
"83375818333",1
"83454210632",2
"83466414538",1
"83476311538",2
"83504417538",1
"83524016833",2
"83529815332",1
"83535816238",1
"83550816959",1
"83575716139",2
"83635611838",1
"83678815330",1
"83688410538",1
"83698815351",1
"83698815457",1
"83708310538",1
"83709815350",1
"83718815335",1
"83728815433",1
"83748815357",2
"83788410538",1
"83798815339",1
"83808815430",1
"83815816235",1
"83815816330",1
"83858310538",1
"83875118139",1
"83880716651",1
"83887410538",1
"83888310558",1
"83914815530",1
"83939815331",2
"83955816239",1
"83955818335",1
"83988815439",1
"84018815339",1
"84096312538",1
"84105816230",1
"84116410538",2
"84178410558",1
"84209016654",2
"84236412538",1
"84348815359",1
"84360815450",1
"84368815434",1
"84384210630",2
"84409815351",2
"84426311538",1
"84447819333",2
"84535411538",1
"84579016652",1
"84625716135",1
"84658815431",2
"84686314538",2
"84704316538",1
"84755818331",1
"84848410538",1
"84865716137",1
"84955818335",1
"84975716136",1
"84985410538",1
"85018815437",1
"85039815436",1
"85058310558",1
"85118815352",1
"85125818330",1
"85139814950",1
"85147819333",1
"85184016833",1
"85185818334",1
"85188815331",1
"85230815350",1
"85248016651",1
"85267819332",1
"85395118139",1
"85436616838",1
"85444016833",1
"85459815436",1
"85499815335",1
"85507819334",1
"85518815352",1
"85550812051",1
"85554016831",1
"85584410538",1
"85589815432",1
"85598815455",1
"85605816236",1
"85607119234",1
"85615311538",1
"85624016830",1
"85640812051",2
"85650816551",1
"85655818337",1
"85658815451",1
"85668815339",2
"85675816231",1
"85676411538",1
"85715816332",1
"85725816239",1
"85726319538",1
"85728410538",1
"85748815431",2
"85820116457",1
"85829815336",1
"85850410558",1
"85855818336",1
"85859815332",1
"85918815435",1
"85935816239",1
"85959815355",2
"85960116457",1
"86015410538",2
"86019116355",1
"86038815432",2
"86089815431",1
"86097119232",1
"86115818333",1
"86119815436",1
"86135818332",1
"86139815436",1
"86144715533",1
"86149416558",1
"86157119232",1
"86175818336",1
"86179715456",1
"86186317538",1
"86216417538",1
"86249815337",1
"86268815456",1
"86285816239",1
"86294815530",1
"86295816238",1
"86309815337",1
"86315816236",1
"86317410538",1
"86340816550",1
"86386317538",2
"86417410538",1
"86428815332",1
"86429815435",1
"86435818338",1
"86439410538",1
"86468815437",1
"86478815439",2
"86505118133",2
"86518815434",1
"86548815334",1
"86595816231",1
"86604016831",1
"86605818335",1
"86648815335",1
"86659815434",1
"86664415538",1
"86699815433",1
"86705818337",1
"86729815331",1
"86755311538",2
"86794715533",1
"86809814951",2
"86810815352",1
"86818815430",1
"86825816236",1
"86828815435",2
"86837119232",1
"86879016650",1
"86886410538",1
"86928316558",2
"86935816239",1
"86960410558",1
"86968815436",1
"86989815339",1
"86989815432",1
"86998815430",1
"86999714959",2
"86999815430",1
"87015611838",1
"87029815433",1
"87055410538",1
"87078815437",1
"87088310538",2
"87096412538",1
"87115716137",1
"87129815352",1
"87139815438",1
"87145716138",1
"87165816236",1
"87176616838",1
"87185818334",1
"87209815338",1
"87319016651",1
"87360815359",1
"87475818332",1
"87529410538",1
"87545816238",1
"87554016830",1
"87576317538",1
"87585818335",1
"87605816230",1
"87616616838",1
"87618815437",1
"87628016651",1
"87628410538",1
"87628815337",1
"87639815439",1
"87648016652",1
"87648815334",1
"87655818333",1
"87659815333",1
"87665818334",1
"87689815335",1
"87689815337",1
"87697819332",1
"87698716456",2
"87715611838",2
"87718815430",1
"87779815334",1
"87809815431",1
"87828016653",1
"87828815435",1
"87839016653",2
"87885310538",1
"87886416538",1
"87889815436",1
"87905816232",1
"87915818331",1
"87955611838",1
"87956419538",1
"87995818331",1
"87996410538",1
"87997819332",1
"87998310538",1
"88015716137",1
"88016317538",1
"88025816330",1
"88057819330",1
"88068815431",1
"88074316538",2
"88088815339",1
"88098815437",1
"88099410538",1
"88105410538",1
"88116616838",1
"88128310538",1
"88155816230",1
"88167119232",1
"88177819332",2
"88179815355",1
"88189016652",1
"88249815435",1
"88255818330",1
"88257119233",1
"88274316538",1
"88276417538",1
"88278815436",1
"88295716137",1
"88309815330",1
"88316418538",2
"88355311538",1
"88369815338",1
"88375816330",2
"88378718435",1
"88378815351",1
"88378815431",1
"88386419538",1
"88395816330",1
"88404815530",1
"88405818339",1
"88428815456",1
"88448815457",2
"88465816235",1
"88486310538",1
"88488815337",1
"88494210630",1
"88508815434",1
"88520816552",1
"88525118134",1
"88525816332",1
"88537119231",1
"88559815435",1
"88568815351",1
"88575818330",1
"88578815330",1
"88588815333",1
"88596416538",1
"88599815439",1
"88609815330",1
"88609815433",1
"88619815439",1
"88636319538",1
"88638815431",1
"88645816236",2
"88665816330",1
"88668815454",1
"88688716457",1
"88695818332",1
"88709815436",1
"88718716457",1
"88724016833",1
"88725816333",1
"88739815338",1
"88754815532",1
"88795816330",1
"88798815334",1
"88809715456",1
"88818016651",1
"88819815431",1
"88820815450",1
"88825311538",1
"88828815437",1
"88835118133",1
"88838815357",1
"88845818336",2
"88865818335",1
"88868815339",1
"88868815452",1
"88875118139",1
"88875818331",2
"88876416538",1
"88895716138",1
"88896411538",1
"88898016653",1
"88898716456",1
"88934016835",1
"88938815330",1
"88948716457",1
"88948815338",1
"88954016833",1
"88965118139",1
"88965611838",1
"88989815338",2
"88994415538",1
"88996416538",1
"89028815436",1
"89075816231",1
"89079814950",1
"89079815334",1
"89098310538",1
"89098815430",1
"89106616838",1
"89110812051",1
"89120815356",1
"89139310538",1
"89177119234",1
"89185716138",1
"89196311538",1
"89215816236",1
"89224715533",2
"89270812052",1
"89299416558",1
"89299815331",2
"89305818332",1
"89375818336",2
"89428815338",1
"89454415538",1
"89465816239",1
"89489410538",2
"89494317538",1
"89496317538",1
"89514210631",1
"89528016652",1
"89535818331",1
"89536318538",2
"89565816330",1
"89589310538",1
"89635716138",1
"89635816333",1
"89639714959",1
"89659410538",1
"89678815356",1
"89688815332",1
"89689815439",1
"89734310538",1
"89735816235",1
"89768815333",1
"89775818330",1
"89784416538",1
"89799815435",2
"89818815433",2
"89828815430",1
"89859815432",1
"89919016651",1
"89927410538",1
"89954016837",1
"89959815337",1
"89978815337",1
"89978815338",1
"89984016835",1
"89985611838",1
"89998410558",1
"89998815438",1
"90007819333",1
"90076417538",1
"90077310538",1
"90088815436",1
"90095311538",2
"90098016651",2
"90120816954",1
"90138815438",1
"90168815451",1
"90179815336",2
"90198815332",1
"90199815337",1
"90199815437",1
"90246616838",1
"90264415538",1
"90265818337",1
"90294416538",1
"90295816332",1
"90327819331",1
"90348815353",1
"90359815430",1
"90369815431",1
"90374316538",1
"90418316558",1
"90449016652",1
"90469814952",1
"90515716138",1
"90519815336",1
"90527819330",1
"90538815353",1
"90557819330",1
"90584210631",1
"90609815332",1
"90615818338",1
"90619815332",1
"90639815338",1
"90650316558",1
"90695818333",1
"90739116355",1
"90754417538",1
"90787119230",1
"90789815351",1
"90789815439",1
"90878815332",1
"90899410538",1
"90908815434",1
"90919815434",1
"90958815336",1
"90959815352",1
"90978815330",1
"90995816234",1
"90999410558",1
"91006319538",1
"91018815439",2
"91045311538",1
"91104016830",2
"91105816237",1
"91160815356",2
"91169814951",1
"91186410538",1
"91188815336",1
"91190816551",1
"91330815354",1
"91365118139",1
"91369815331",1
"91459815338",1
"91468815436",1
"91518815451",2
"91534815532",1
"91555716137",1
"91568815430",1
"91634417538",1
"91658410538",1
"91678410538",1
"91689815337",1
"91709815350",1
"91709815438",1
"91775816238",1
"91785818334",1
"91828815432",1
"91829815437",1
"91829815439",1
"91835611838",1
"91844815530",1
"91876319538",2
"91898815339",1
"91955816237",1
"91985816332",1
"91996317538",2
"92018815330",1
"92025816237",1
"92027310538",1
"92066417538",1
"92094416538",1
"92116315538",1
"92138815337",1
"92184016837",1
"92198410538",1
"92287819332",1
"92339815435",1
"92365818334",1
"92367119231",1
"92397819330",1
"92416312538",1
"92464417538",1
"92497119234",1
"92508815335",1
"92539815336",1
"92625118133",1
"92625818338",1
"92629815438",1
"92637119233",1
"92654815530",2
"92664016834",2
"92674210631",1
"92677310538",1
"92718815337",1
"92759815332",1
"92786311538",1
"92828815432",1
"92830815359",1
"92847310538",1
"92854016831",1
"92858316558",1
"92875818331",1
"92888815439",1
"92898815435",1
"92909016651",1
"92914815531",1
"92955818335",1
"92975310538",1
"93029410538",1
"93044415538",1
"93119815337",1
"93209815332",1
"93218815337",1
"93254815532",1
"93259316558",1
"93399815333",1
"93535310538",1
"93535716139",2
"93578815332",1
"93618815334",1
"93620816953",1
"93634210630",1
"93697410538",1
"93704317538",1
"93708815337",1
"93716415538",1
"93735310538",1
"93738016652",2
"93745816330",1
"93749310538",1
"93768815333",2
"93854315538",1
"93869815436",1
"93877119232",2
"93919016653",1
"93919815339",1
"93946616838",1
"93949016653",1
"94049815434",1
"94118016650",1
"94174316538",2
"94335818336",1
"94425816332",1
"94426418538",1
"94485818332",1
"94516417538",1
"94595816239",1
"94636415538",1
"94659815331",1
"94689815438",1
"94765818339",1
"94798716456",1
"94818815438",1
"94819410538",1
"94948410558",1
"95115716135",1
"95119815334",1
"95119815353",1
"95119815431",1
"95124315538",2
"95189815338",1
"95218815330",1
"95225816236",1
"95229815439",1
"95269815336",1
"95289815430",1
"95298815332",1
"95335816231",1
"95359815338",2
"95454016834",1
"95478815438",2
"95488815330",2
"95488815337",1
"95555118139",1
"95559814951",1
"95668410538",1
"95690410558",1
"95710816553",1
"95724410538",1
"95735816331",1
"95765716135",1
"95836318538",1
"95838815433",1
"95839815354",1
"95869815439",1
"95888815433",1
"95910716652",1
"95935118133",1
"95968815332",1
"95999815332",1
"96087310538",1
"96119116355",1
"96129815330",1
"96148815435",1
"96195716135",1
"96199410538",1
"96228815350",1
"96269815332",1
"96299815431",1
"96318410538",1
"96339815339",1
"96355818332",1
"96378815436",1
"96380310558",1
"96384016834",1
"96450812051",2
"96456311538",1
"96508815332",1
"96535818335",1
"96545816330",1
"96559815330",1
"96569814952",1
"96578815433",1
"96579815330",2
"96618815331",1
"96625818338",1
"96639815335",1
"96665716136",1
"96694016830",1
"96718815330",1
"96729815336",1
"96738815336",1
"96745818330",1
"96756410538",1
"96759815351",1
"96795816236",1
"96805816333",1
"96809815430",1
"96816418538",1
"96888016651",1
"96898310538",1
"96899410538",1
"96906419538",2
"96917410538",2
"96940116458",1
"96944016835",1
"96969715456",1
"96975818330",1
"96980816551",1
"96988815351",1
"97029815330",2
"97066310538",1
"97076411538",1
"97107819331",1
"97109016652",1
"97126310538",1
"97137819334",1
"97168016654",1
"97269815437",1
"97279815332",1
"97348815353",1
"97360816553",1
"97445118134",1
"97449815331",2
"97449815338",1
"97484016833",2
"97500816958",1
"97566419538",1
"97615818331",1
"97625816332",1
"97645716137",1
"97650410558",1
"97667819330",1
"97730812054",1
"97736310538",1
"97768310538",1
"97799815350",1
"97819410538",1
"97889410558",1
"97914815530",1
"97929815339",1
"97936412538",1
"97988815434",1
"97989815339",1
"98000815351",1
"98005816230",1
"98046414538",1
"98078815456",2
"98089815330",1
"98097119230",1
"98118815331",1
"98125611838",1
"98189815431",1
"98219815333",1
"98228815338",1
"98258815356",1
"98275818336",1
"98320816552",1
"98349410538",1
"98369815436",1
"98378815331",1
"98378815438",1
"98387310538",1
"98399815336",1
"98455310538",1
"98464016830",2
"98478815450",1
"98479815333",1
"98508310538",1
"98518815331",1
"98518815450",1
"98528815438",1
"98535816238",1
"98546415538",1
"98548815351",1
"98555816331",1
"98588815435",1
"98595818331",1
"98598815350",1
"98609016651",1
"98609410558",1
"98619316558",1
"98638815439",1
"98639815332",1
"98656310538",1
"98666311538",1
"98689815333",1
"98699815335",1
"98709410538",1
"98714815531",1
"98715816333",1
"98730815354",2
"98734315538",1
"98735818338",1
"98739815331",2
"98748815339",1
"98775816236",2
"98779815336",1
"98785816331",1
"98808815352",1
"98819815335",1
"98855816231",1
"98987819330",2
"99027310538",1
"99035816234",1
"99049116355",1
"99059815354",1
"99075716139",1
"99078410538",2
"99095310538",1
"99105118134",2
"99109016654",1
"99129815352",1
"99134016835",1
"99136410538",1
"99148815452",1
"99160812054",1
"99177819333",1
"99199815435",1
"99215818338",1
"99259815352",1
"99265816333",1
"99268815332",2
"99268815434",2
"99286317538",1
"99288815332",1
"99305816238",1
"99329815431",1
"99338815350",1
"99395410538",1
"99396617838",2
"99398410558",1
"99409815332",1
"99418815338",1
"99478815333",1
"99517819334",1
"99525311538",1
"99534016832",1
"99539815430",1
"99554315538",2
"99559016650",1
"99565716136",1
"99579310538",1
"99579815331",1
"99587310538",2
"99594317538",1
"99605816330",1
"99615716135",1
"99695118133",1
"99705410538",1
"99707410538",2
"99727819332",1
"99728410538",1
"99730815450",1
"99747410538",1
"99755716138",1
"99765118133",1
"99766310538",1
"99768815332",1
"99786616838",1
"99788815438",1
"99795311538",1
"99808815331",1
"99809815335",1
"99815816231",1
"99818815351",2
"99818815453",1
"99845716136",1
"99865716137",1
"99865816232",1
"99870410558",1
"99875716139",1
"99878815432",2
"99885716135",1
"99886412538",1
"99898815337",1
"99899815337",2
"99904310538",1
"99909815336",1
"99915816236",1
"99935818337",1
"99958310538",2
"99964016834",1
"99965818333",1
"99968815430",2
"99978815431",1
"99989815333",1
